PRIM_STATE,AREA,AREA_NAME,OCC_CODE,OCC_TITLE,OCC_GROUP,TOT_EMP,EMP_PRSE,JOBS_1000,LOC QUOTIENT,H_MEAN,A_MEAN,MEAN_PRSE,H_PCT10,H_PCT25,H_MEDIAN,H_PCT75,H_PCT90,A_PCT10,A_PCT25,A_MEDIAN,A_PCT75,A_PCT90
CA,41940,"San Jose-Sunnyvale-Santa Clara, CA",15-0000,Computer and Mathematical Occupations,major,"141,030",2.3,126.011,4.16,61.08,127040,1.3,32.32,44.19,59.36,75.94,92.45,"67,220","91,910","123,470","157,940","192,300"
CA,41860,"San Francisco-Oakland-Hayward, CA",15-0000,Computer and Mathematical Occupations,major,"146,420",2.7,60.525,2,58.04,120730,1.9,31.04,41.69,56.18,71.77,86.49,"64,570","86,710","116,860","149,270","179,900"
WA,42660,"Seattle-Tacoma-Bellevue, WA",15-0000,Computer and Mathematical Occupations,major,"139,440",9,70.269,2.32,54.69,113750,6,27.98,39.3,54.15,68.71,80.83,"58,200","81,730","112,640","142,920","168,140"
DC,47900,"Washington-Arlington-Alexandria, DC-VA-MD-WV",15-0000,Computer and Mathematical Occupations,major,"232,290",1.7,74.093,2.45,51.81,107760,0.7,28.2,37.27,50.96,64.66,77.77,"58,660","77,520","106,000","134,500","161,750"
NH,76900,"Portsmouth, NH-ME",15-0000,Computer and Mathematical Occupations,major,"4,050",3.6,42.949,1.42,50.15,104310,4.4,26.89,35.39,47.64,60.89,74.6,"55,930","73,620","99,090","126,640","155,160"
NY,35620,"New York-Newark-Jersey City, NY-NJ-PA",15-0000,Computer and Mathematical Occupations,major,"305,470",1.4,32.16,1.06,49.98,103960,0.8,24.89,33.95,47.15,63.1,78.9,"51,760","70,610","98,070","131,260","164,110"
MD,12580,"Baltimore-Columbia-Towson, MD",15-0000,Computer and Mathematical Occupations,major,"64,790",2.3,47.258,1.56,48.8,101510,1.4,23.95,32.9,46.94,61.29,77.5,"49,810","68,430","97,630","127,480","161,200"
CO,14500,"Boulder, CO",15-0000,Computer and Mathematical Occupations,major,"14,140",6.3,77.631,2.56,48.67,101220,1.5,25.23,33.88,46.79,62.28,76.23,"52,480","70,470","97,330","129,550","158,560"
MD,15680,"California-Lexington Park, MD",15-0000,Computer and Mathematical Occupations,major,"5,810",22.3,124.482,4.11,48.59,101060,3.3,26.88,35.69,48.35,60.61,72.27,"55,920","74,230","100,580","126,060","150,320"
CT,71950,"Bridgeport-Stamford-Norwalk, CT",15-0000,Computer and Mathematical Occupations,major,"13,160",12,31.632,1.04,48.48,100830,2.2,25.54,32.95,45.62,60.37,76.51,"53,120","68,530","94,900","125,580","159,150"
MA,71650,"Boston-Cambridge-Nashua, MA-NH",15-0000,Computer and Mathematical Occupations,major,"132,130",1.7,47.893,1.58,48.23,100310,0.7,26.31,34.39,46.38,60.25,74.31,"54,730","71,530","96,460","125,320","154,570"
CA,41740,"San Diego-Carlsbad, CA",15-0000,Computer and Mathematical Occupations,major,"53,720",2.7,36.711,1.21,48.03,99890,1.4,25.28,34.03,46.75,60.2,74.44,"52,580","70,790","97,230","125,210","154,840"
CO,19740,"Denver-Aurora-Lakewood, CO",15-0000,Computer and Mathematical Occupations,major,"77,050",2.4,52.125,1.72,47.34,98460,1.2,25.37,34.12,45.9,58.67,72.03,"52,770","70,960","95,470","122,030","149,830"
CA,42200,"Santa Maria-Santa Barbara, CA",15-0000,Computer and Mathematical Occupations,major,"5,300",8.4,28.321,0.93,46.84,97430,2.2,22.5,32.07,43.98,60.14,75.64,"46,790","66,710","91,470","125,090","157,340"
AL,26620,"Huntsville, AL",15-0000,Computer and Mathematical Occupations,major,"15,320",3.2,67.702,2.23,46.8,97340,1.6,23.31,32.58,44.97,59.15,73.8,"48,490","67,780","93,540","123,040","153,500"
CA,31080,"Los Angeles-Long Beach-Anaheim, CA",15-0000,Computer and Mathematical Occupations,major,"171,700",2.5,28.062,0.93,46.15,96000,0.9,22.54,31.04,44.32,59.43,74.01,"46,890","64,560","92,180","123,620","153,930"
CO,17820,"Colorado Springs, CO",15-0000,Computer and Mathematical Occupations,major,"14,930",5.1,53.13,1.75,46,95690,1.5,24.18,32.8,45.01,57.93,71.61,"50,300","68,220","93,610","120,490","148,960"
TX,26420,"Houston-The Woodlands-Sugar Land, TX",15-0000,Computer and Mathematical Occupations,major,"80,880",4.2,27.12,0.9,45.92,95520,1.4,22.55,31.22,43.41,57.89,73.07,"46,910","64,940","90,300","120,420","151,980"
CA,41500,"Salinas, CA",15-0000,Computer and Mathematical Occupations,major,"2,070",7.5,11.543,0.38,45.83,95320,2.7,24.96,31.82,44.47,58.89,71.37,"51,910","66,190","92,510","122,490","148,460"
NJ,45940,"Trenton, NJ",15-0000,Computer and Mathematical Occupations,major,"11,080",3.9,47.893,1.58,45.28,94190,2.3,25.38,32.45,42.76,55.27,71.04,"52,800","67,490","88,930","114,960","147,760"
TX,19100,"Dallas-Fort Worth-Arlington, TX",15-0000,Computer and Mathematical Occupations,major,"150,970",2.6,42.31,1.4,45.11,93820,1.2,22.26,31.43,43.86,57.59,70.84,"46,300","65,370","91,230","119,790","147,340"
CA,37100,"Oxnard-Thousand Oaks-Ventura, CA",15-0000,Computer and Mathematical Occupations,major,"6,770",5.7,21.566,0.71,45.07,93740,3.3,20.95,28.98,42.54,57.67,74.18,"43,590","60,290","88,480","119,950","154,290"
IN,29020,"Kokomo, IN",15-0000,Computer and Mathematical Occupations,major,590,3,14.953,0.49,44.54,92630,5.1,22.6,34.47,45.59,56.25,62.65,"47,010","71,700","94,820","117,000","130,300"
CT,73450,"Hartford-West Hartford-East Hartford, CT",15-0000,Computer and Mathematical Occupations,major,"21,880",3.7,37.418,1.24,44.49,92540,1.6,25.68,33.27,43.38,54.58,64.22,"53,410","69,210","90,230","113,520","133,580"
VA,16820,"Charlottesville, VA",15-0000,Computer and Mathematical Occupations,major,"4,120",10.7,36.429,1.2,44.46,92470,3.4,23.2,30.93,41.71,55.53,71.27,"48,260","64,330","86,750","115,500","148,240"
OH,18140,"Columbus, OH",15-0000,Computer and Mathematical Occupations,major,"44,240",4.3,42.067,1.39,44.44,92440,2.2,23.14,31.3,42.01,53.15,63.63,"48,130","65,110","87,380","110,550","132,360"
TX,12420,"Austin-Round Rock, TX",15-0000,Computer and Mathematical Occupations,major,"61,460",4.3,59.756,1.97,44.22,91970,1.4,22.03,30.28,42.03,56.58,71.4,"45,820","62,990","87,420","117,680","148,520"
PA,37980,"Philadelphia-Camden-Wilmington, PA-NJ-DE-MD",15-0000,Computer and Mathematical Occupations,major,"99,080",2.1,34.78,1.15,44.14,91820,0.8,23.95,31.39,42.52,55.58,68.08,"49,810","65,290","88,430","115,610","141,600"
NC,20500,"Durham-Chapel Hill, NC",15-0000,Computer and Mathematical Occupations,major,"19,640",4.4,63.652,2.1,44.11,91740,1.4,23.73,32.03,42.77,54.69,65.62,"49,360","66,630","88,970","113,760","136,500"
NC,39580,"Raleigh, NC",15-0000,Computer and Mathematical Occupations,major,"35,840",2.6,56.934,1.88,44.08,91680,1.6,22.9,32.18,42.94,55.4,67.17,"47,630","66,940","89,320","115,230","139,700"
GA,12060,"Atlanta-Sandy Springs-Roswell, GA",15-0000,Computer and Mathematical Occupations,major,"123,340",2.2,45.971,1.52,43.85,91220,1.3,22,30.07,42.2,55.29,67.67,"45,750","62,540","87,780","115,010","140,760"
NC,16740,"Charlotte-Concord-Gastonia, NC-SC",15-0000,Computer and Mathematical Occupations,major,"48,570",3.1,39.976,1.32,43.84,91200,1.3,21.65,30.4,42.89,56.06,67.84,"45,020","63,220","89,220","116,610","141,110"
FL,37340,"Palm Bay-Melbourne-Titusville, FL",15-0000,Computer and Mathematical Occupations,major,"9,700",3.9,45.366,1.5,43.69,90870,2.1,20.85,28.95,41.01,55.71,69.94,"43,360","60,220","85,300","115,870","145,470"
CA,42100,"Santa Cruz-Watsonville, CA",15-0000,Computer and Mathematical Occupations,major,"2,060",7.2,21.043,0.69,43.66,90800,3.3,21.73,28.86,41.42,55.99,72.12,"45,210","60,030","86,160","116,450","150,010"
CA,40900,"Sacramento--Roseville--Arden-Arcade, CA",15-0000,Computer and Mathematical Occupations,major,"32,950",3.6,33.463,1.1,43.53,90540,1.7,25.4,33.85,42.4,50.41,62.12,"52,830","70,400","88,180","104,850","129,210"
WA,28420,"Kennewick-Richland, WA",15-0000,Computer and Mathematical Occupations,major,"1,890",6.6,16.6,0.55,43.3,90050,3,23.79,30.31,41.43,55.29,67.49,"49,490","63,050","86,170","115,000","140,370"
CT,76450,"Norwich-New London-Westerly, CT-RI",15-0000,Computer and Mathematical Occupations,major,"2,510",10,21.075,0.7,43.21,89880,3.6,22.18,30.53,41.84,51.97,63.67,"46,130","63,510","87,020","108,090","132,430"
VA,40060,"Richmond, VA",15-0000,Computer and Mathematical Occupations,major,"24,220",8.5,37.53,1.24,43.1,89650,1.7,22.63,31.15,42.6,54.53,64.22,"47,080","64,800","88,600","113,430","133,570"
MN,33460,"Minneapolis-St. Paul-Bloomington, MN-WI",15-0000,Computer and Mathematical Occupations,major,"82,240",2.5,42.039,1.39,42.98,89410,0.9,24.06,31.16,41.42,53.56,63.94,"50,040","64,800","86,150","111,400","132,990"
CA,42220,"Santa Rosa, CA",15-0000,Computer and Mathematical Occupations,major,"3,440",9.2,16.763,0.55,42.92,89270,2.8,20.36,28.12,41.57,54.27,68.96,"42,340","58,490","86,460","112,870","143,440"
OR,38900,"Portland-Vancouver-Hillsboro, OR-WA",15-0000,Computer and Mathematical Occupations,major,"43,660",3.1,36.685,1.21,42.88,89190,1.4,22.02,30.43,42.01,54.33,64.8,"45,810","63,290","87,380","113,010","134,780"
IL,16980,"Chicago-Naperville-Elgin, IL-IN-WI",15-0000,Computer and Mathematical Occupations,major,"147,310",2.5,31.736,1.05,42.85,89130,0.8,21.36,30,41.26,54.5,65.81,"44,440","62,400","85,820","113,360","136,880"
CT,72850,"Danbury, CT",15-0000,Computer and Mathematical Occupations,major,"1,830",6.7,23.426,0.77,42.78,88970,4,21.44,29.12,39.83,54.64,72.2,"44,600","60,570","82,850","113,640","150,170"
MA,79600,"Worcester, MA-CT",15-0000,Computer and Mathematical Occupations,major,"6,360",10.4,22.359,0.74,42.76,88940,1.5,22.3,30.54,41.65,54.04,63.97,"46,370","63,510","86,640","112,400","133,050"
NY,13780,"Binghamton, NY",15-0000,Computer and Mathematical Occupations,major,"2,550",7.2,25.425,0.84,42.72,88860,5.2,21.41,28.1,39.06,55.3,70.75,"44,530","58,460","81,240","115,030","147,160"
CA,12540,"Bakersfield, CA",15-0000,Computer and Mathematical Occupations,major,"4,040",6.7,13.158,0.43,42.46,88310,2.8,21.62,29.75,41.12,53.96,63.86,"44,960","61,890","85,530","112,240","132,830"
RI,77200,"Providence-Warwick, RI-MA",15-0000,Computer and Mathematical Occupations,major,"14,400",3.8,24.919,0.82,42.3,87980,1.7,22.16,30.12,41.1,52.12,61.96,"46,090","62,650","85,490","108,410","128,890"
AZ,43420,"Sierra Vista-Douglas, AZ",15-0000,Computer and Mathematical Occupations,major,"1,830",5.6,56.783,1.87,42.24,87860,2.7,23.52,31.59,41.84,51.57,61.38,"48,920","65,700","87,030","107,270","127,670"
NY,27060,"Ithaca, NY",15-0000,Computer and Mathematical Occupations,major,"1,630",9.4,32.797,1.08,42.23,87830,2.2,25.05,31.22,40.19,51.97,62.27,"52,110","64,940","83,590","108,100","129,510"
MN,40340,"Rochester, MN",15-0000,Computer and Mathematical Occupations,major,"2,320",36.6,19.893,0.66,42.19,87760,3.1,25.03,32.01,41.21,49.4,60.06,"52,060","66,590","85,720","102,750","124,930"
CA,46700,"Vallejo-Fairfield, CA",15-0000,Computer and Mathematical Occupations,major,"1,590",8,11.496,0.38,41.92,87200,3.6,21.58,28.28,40.74,52.23,65.32,"44,890","58,810","84,740","108,640","135,860"
NJ,12100,"Atlantic City-Hammonton, NJ",15-0000,Computer and Mathematical Occupations,major,"2,430",6.4,19.298,0.64,41.8,86940,3.5,21.72,28.16,39.35,54.14,68.27,"45,170","58,580","81,850","112,600","142,000"
IL,14010,"Bloomington, IL",15-0000,Computer and Mathematical Occupations,major,"4,680",22.2,52.626,1.74,41.64,86620,3,23.79,31.19,40.59,48.96,61.37,"49,480","64,870","84,430","101,830","127,640"
VA,31340,"Lynchburg, VA",15-0000,Computer and Mathematical Occupations,major,"1,790",12.5,17.813,0.59,41.64,86610,3,20.69,27.37,38.95,54.16,68.23,"43,040","56,930","81,010","112,650","141,920"
VA,49020,"Winchester, VA-WV",15-0000,Computer and Mathematical Occupations,major,"1,090",19.6,18.525,0.61,41.58,86490,2.7,24.7,31.09,38.68,50.36,61.87,"51,380","64,670","80,460","104,750","128,700"
CO,22660,"Fort Collins, CO",15-0000,Computer and Mathematical Occupations,major,"4,510",5.1,28.093,0.93,41.34,85990,2.8,21.93,29.09,39.5,50.52,61.25,"45,620","60,500","82,160","105,070","127,390"
UT,39340,"Provo-Orem, UT",15-0000,Computer and Mathematical Occupations,major,"12,090",4.2,49.662,1.64,41.31,85930,2.3,17.78,26.35,38.77,54.35,68.66,"36,990","54,810","80,640","113,040","142,810"
NJ,36140,"Ocean City, NJ",15-0000,Computer and Mathematical Occupations,major,200,21.1,5.21,0.17,41.26,85820,6.1,20.91,27.64,36.91,48.8,67.38,"43,500","57,480","76,770","101,490","140,160"
MA,76600,"Pittsfield, MA",15-0000,Computer and Mathematical Occupations,major,750,35.2,18.462,0.61,41.2,85710,4.5,18.69,28.76,40.36,52.19,64.18,"38,880","59,820","83,950","108,560","133,500"
MI,27100,"Jackson, MI",15-0000,Computer and Mathematical Occupations,major,"1,070",11.1,18.623,0.61,41.08,85450,6,21.05,27.45,38.74,53.73,64.96,"43,780","57,100","80,580","111,760","135,110"
VA,47260,"Virginia Beach-Norfolk-Newport News, VA-NC",15-0000,Computer and Mathematical Occupations,major,"20,860",3.7,27.639,0.91,40.91,85090,1.7,22.28,29.29,38.57,49.68,61.98,"46,340","60,930","80,220","103,330","128,930"
NH,74950,"Manchester, NH",15-0000,Computer and Mathematical Occupations,major,"3,540",4.8,31.043,1.02,40.89,85050,1.9,22.22,29.67,38.71,50.36,61.67,"46,210","61,720","80,510","104,740","128,280"
PA,16540,"Chambersburg-Waynesboro, PA",15-0000,Computer and Mathematical Occupations,major,950,6.2,16.344,0.54,40.84,84950,4.2,20.14,28.3,39.29,52.83,64.12,"41,880","58,870","81,720","109,890","133,360"
TX,41700,"San Antonio-New Braunfels, TX",15-0000,Computer and Mathematical Occupations,major,"27,330",5.2,27.011,0.89,40.77,84790,1.7,20.68,28.32,38.47,50.38,62.9,"43,020","58,900","80,020","104,790","130,830"
WA,36500,"Olympia-Tumwater, WA",15-0000,Computer and Mathematical Occupations,major,"5,570",2.6,49.359,1.63,40.74,84740,3.9,26.05,32.96,38.75,45.43,53.18,"54,180","68,560","80,600","94,500","110,610"
WA,14740,"Bremerton-Silverdale, WA",15-0000,Computer and Mathematical Occupations,major,"1,910",5.4,21.566,0.71,40.6,84450,3.3,21.73,30.36,39.52,48.52,59.75,"45,200","63,160","82,210","100,930","124,280"
MO,41180,"St. Louis, MO-IL",15-0000,Computer and Mathematical Occupations,major,"48,410",3.4,35.515,1.17,40.45,84140,1.5,20.07,28.17,39.62,51.12,62.25,"41,740","58,590","82,410","106,340","129,470"
CA,47300,"Visalia-Porterville, CA",15-0000,Computer and Mathematical Occupations,major,"1,010",11.5,6.569,0.22,40.42,84080,4.6,18.71,26.18,38.09,52.37,66.09,"38,920","54,460","79,220","108,940","137,470"
IL,37900,"Peoria, IL",15-0000,Computer and Mathematical Occupations,major,"4,280",13.2,25.064,0.83,40.39,84010,3.9,19.76,27.51,39.39,50.77,62.55,"41,110","57,230","81,920","105,600","130,100"
MI,19820,"Detroit-Warren-Dearborn, MI",15-0000,Computer and Mathematical Occupations,major,"71,350",3.4,36.182,1.19,40.39,84000,1,20.95,29.18,38.93,50.05,60.86,"43,580","60,690","80,970","104,110","126,590"
AZ,38060,"Phoenix-Mesa-Scottsdale, AZ",15-0000,Computer and Mathematical Occupations,major,"75,730",2.7,36.862,1.22,40.32,83860,1.4,19.17,26.76,38.44,51.58,62.71,"39,880","55,650","79,960","107,290","130,440"
IA,19780,"Des Moines-West Des Moines, IA",15-0000,Computer and Mathematical Occupations,major,"16,360",3.2,44.34,1.46,40.3,83820,2.3,22.24,29.45,39.26,48.97,59.18,"46,250","61,250","81,660","101,860","123,100"
MA,74500,"Leominster-Gardner, MA",15-0000,Computer and Mathematical Occupations,major,510,21.8,9.769,0.32,40.27,83770,6,22.26,28.9,38.11,50.41,61.71,"46,290","60,110","79,260","104,850","128,370"
GA,17980,"Columbus, GA-AL",15-0000,Computer and Mathematical Occupations,major,"3,520",22.1,30.652,1.01,40.24,83700,1.8,20.51,27.42,39.22,50.76,61.97,"42,660","57,020","81,570","105,580","128,900"
CA,34900,"Napa, CA",15-0000,Computer and Mathematical Occupations,major,610,12.5,8.089,0.27,40.18,83580,5.4,21.3,29.05,37.59,49.53,61.9,"44,310","60,430","78,190","103,020","128,750"
ID,26820,"Idaho Falls, ID",15-0000,Computer and Mathematical Occupations,major,"1,640",13.2,24.843,0.82,40.16,83530,10.2,13.56,25.31,38.22,54.98,67.94,"28,200","52,640","79,500","114,360","141,320"
FL,18880,"Crestview-Fort Walton Beach-Destin, FL",15-0000,Computer and Mathematical Occupations,major,"3,700",7.3,33.472,1.1,40.15,83520,2,20.7,28.38,38.53,50.34,62.17,"43,060","59,020","80,150","104,700","129,320"
IA,16300,"Cedar Rapids, IA",15-0000,Computer and Mathematical Occupations,major,"5,850",2.8,41.421,1.37,40.03,83260,3.3,21.2,29.74,40.04,49.97,59.83,"44,090","61,860","83,290","103,940","124,440"
OH,19380,"Dayton, OH",15-0000,Computer and Mathematical Occupations,major,"14,270",3.8,37.759,1.25,40.01,83220,2.1,20.35,27.75,38.72,50.04,62.35,"42,340","57,730","80,530","104,080","129,690"
IA,19340,"Davenport-Moline-Rock Island, IA-IL",15-0000,Computer and Mathematical Occupations,major,"5,260",11.4,28.792,0.95,39.95,83090,3.8,20.82,29.37,40.06,48.97,59.55,"43,310","61,090","83,330","101,850","123,860"
UT,36260,"Ogden-Clearfield, UT",15-0000,Computer and Mathematical Occupations,major,"6,890",6.3,27.088,0.89,39.93,83060,2.1,20.78,28.51,38.53,48.88,60.47,"43,210","59,300","80,150","101,670","125,780"
MI,33780,"Monroe, MI",15-0000,Computer and Mathematical Occupations,major,370,27.8,9.771,0.32,39.87,82930,4.5,18.91,27.86,37.61,49.68,61.61,"39,330","57,960","78,230","103,330","128,140"
CA,40140,"Riverside-San Bernardino-Ontario, CA",15-0000,Computer and Mathematical Occupations,major,"15,650",3.6,10.479,0.35,39.79,82770,2.2,19.57,27.16,37.8,50.3,62.37,"40,710","56,500","78,620","104,620","129,740"
NY,45060,"Syracuse, NY",15-0000,Computer and Mathematical Occupations,major,"7,150",6.7,23.532,0.78,39.69,82560,2.3,21.38,28.55,37.82,48.39,61.89,"44,470","59,380","78,660","100,650","128,740"
IL,44100,"Springfield, IL",15-0000,Computer and Mathematical Occupations,major,"3,130",11.5,30.258,1,39.67,82520,2.1,21.74,29.27,39.22,49.49,59.05,"45,220","60,880","81,580","102,930","122,830"
OH,17140,"Cincinnati, OH-KY-IN",15-0000,Computer and Mathematical Occupations,major,"33,590",4.4,31.34,1.03,39.52,82210,1.5,20.43,27.19,37.21,49.29,61.32,"42,480","56,560","77,390","102,520","127,550"
FL,45300,"Tampa-St. Petersburg-Clearwater, FL",15-0000,Computer and Mathematical Occupations,major,"43,940",4.3,33.47,1.1,39.52,82200,1.9,18.57,26.05,37.22,49.72,61.93,"38,620","54,180","77,420","103,410","128,810"
AZ,46060,"Tucson, AZ",15-0000,Computer and Mathematical Occupations,major,"12,390",5.5,33.532,1.11,39.41,81980,4.9,20.38,27.67,37.41,49.84,61.41,"42,380","57,550","77,810","103,680","127,740"
UT,41620,"Salt Lake City, UT",15-0000,Computer and Mathematical Occupations,major,"29,790",2.7,41.774,1.38,39.38,81910,1.5,19.02,26.2,37.14,50.06,63.03,"39,570","54,500","77,260","104,120","131,110"
CA,31460,"Madera, CA",15-0000,Computer and Mathematical Occupations,major,300,10.4,6.66,0.22,39.29,81720,3.8,20.61,28.39,37.39,48.88,60.48,"42,860","59,060","77,770","101,660","125,800"
FL,36740,"Orlando-Kissimmee-Sanford, FL",15-0000,Computer and Mathematical Occupations,major,"35,700",4.3,28.394,0.94,39.27,81690,1.8,18.54,26.25,37.32,50.03,62.08,"38,560","54,600","77,620","104,060","129,120"
PA,38300,"Pittsburgh, PA",15-0000,Computer and Mathematical Occupations,major,"39,190",8,34.228,1.13,39.27,81680,1.4,21.45,27.7,37.1,48.65,61.13,"44,610","57,620","77,170","101,190","127,160"
PA,25420,"Harrisburg-Carlisle, PA",15-0000,Computer and Mathematical Occupations,major,"11,480",3.3,35.336,1.17,39.19,81520,1.9,22.64,29.26,37.68,47.36,58.23,"47,090","60,860","78,380","98,520","121,110"
ME,76750,"Portland-South Portland, ME",15-0000,Computer and Mathematical Occupations,major,"6,930",3.1,33.245,1.1,39.18,81490,2,23.46,28.68,37.25,47.66,59.34,"48,800","59,660","77,470","99,140","123,430"
NC,24660,"Greensboro-High Point, NC",15-0000,Computer and Mathematical Occupations,major,"7,300",5.7,20.221,0.67,39.17,81470,2.3,18.99,25.86,37.71,49.52,61.89,"39,490","53,780","78,440","103,010","128,730"
HI,46520,"Urban Honolulu, HI",15-0000,Computer and Mathematical Occupations,major,"8,800",3.1,18.875,0.62,39.15,81430,1.7,21.2,28.39,38.04,47.71,57.2,"44,100","59,060","79,130","99,240","118,970"
WI,31540,"Madison, WI",15-0000,Computer and Mathematical Occupations,major,"24,490",22.5,62.431,2.06,39.12,81370,1.3,22.93,29.76,37.77,46.91,56.34,"47,690","61,910","78,570","97,570","117,180"
PA,39740,"Reading, PA",15-0000,Computer and Mathematical Occupations,major,"3,240",11,18.31,0.6,39.07,81260,2,21.17,27.82,37,49.12,60.92,"44,040","57,870","76,960","102,160","126,700"
CT,75700,"New Haven, CT",15-0000,Computer and Mathematical Occupations,major,"5,160",7.9,18.146,0.6,38.85,80800,1.7,21.74,27.73,37.33,47.93,59.56,"45,210","57,670","77,650","99,700","123,880"
GA,15260,"Brunswick, GA",15-0000,Computer and Mathematical Occupations,major,680,19.3,16.127,0.53,38.78,80660,3.7,18.47,27.06,37.76,49.21,60.88,"38,430","56,280","78,550","102,360","126,630"
SC,16700,"Charleston-North Charleston, SC",15-0000,Computer and Mathematical Occupations,major,"10,260",5.5,29.492,0.97,38.72,80530,2.2,20.63,28.18,37.68,48.74,58.78,"42,920","58,610","78,370","101,380","122,260"
AL,33860,"Montgomery, AL",15-0000,Computer and Mathematical Occupations,major,"4,020",6.5,24.498,0.81,38.7,80490,2.5,21.46,28.8,38.2,46.92,57.69,"44,650","59,900","79,460","97,580","120,000"
NY,10580,"Albany-Schenectady-Troy, NY",15-0000,Computer and Mathematical Occupations,major,"15,750",3.4,34.867,1.15,38.65,80390,1.3,22.05,29.05,37.17,46.42,57.89,"45,850","60,420","77,320","96,540","120,420"
NE,36540,"Omaha-Council Bluffs, NE-IA",15-0000,Computer and Mathematical Occupations,major,"20,710",3.9,42.253,1.39,38.6,80300,1,20.93,28,38.11,48.21,58.5,"43,540","58,250","79,270","100,280","121,680"
MA,78100,"Springfield, MA-CT",15-0000,Computer and Mathematical Occupations,major,"6,100",16.1,18.4,0.61,38.6,80280,1.6,20.75,27.07,36.72,47.67,59.51,"43,170","56,310","76,370","99,140","123,780"
AL,13820,"Birmingham-Hoover, AL",15-0000,Computer and Mathematical Occupations,major,"12,240",4.2,23.974,0.79,38.58,80260,1.4,20.91,27.42,37.13,47.61,59.08,"43,490","57,020","77,220","99,020","122,880"
MA,70900,"Barnstable Town, MA",15-0000,Computer and Mathematical Occupations,major,920,5.8,8.9,0.29,38.59,80260,2.9,21.14,27.39,36.87,47.28,59.22,"43,970","56,970","76,690","98,340","123,180"
TX,33260,"Midland, TX",15-0000,Computer and Mathematical Occupations,major,970,9.9,9.562,0.32,38.55,80180,3.7,18.95,26.01,35.32,47.75,61.64,"39,430","54,100","73,460","99,320","128,210"
MA,75550,"New Bedford, MA",15-0000,Computer and Mathematical Occupations,major,600,7.2,9.096,0.3,38.49,80050,3.9,20.29,26.44,37.73,50.26,59.77,"42,210","54,990","78,480","104,550","124,320"
NV,29820,"Las Vegas-Henderson-Paradise, NV",15-0000,Computer and Mathematical Occupations,major,"14,870",5.6,15.072,0.5,38.43,79920,3.2,18.65,25.24,36.2,48.54,61.36,"38,790","52,490","75,290","100,960","127,630"
IN,26900,"Indianapolis-Carmel-Anderson, IN",15-0000,Computer and Mathematical Occupations,major,"33,610",4.2,32.301,1.07,38.31,79680,1.2,20.78,27.65,36.1,47.03,59.11,"43,220","57,500","75,080","97,830","122,950"
NC,49180,"Winston-Salem, NC",15-0000,Computer and Mathematical Occupations,major,"4,430",2.4,16.76,0.55,38.28,79630,3.1,19.31,24.43,35.97,49.08,61.55,"40,170","50,810","74,810","102,080","128,020"
CA,44700,"Stockton-Lodi, CA",15-0000,Computer and Mathematical Occupations,major,"1,740",8,7.035,0.23,38.27,79600,2.4,19.31,26.21,36.13,48.89,60.37,"40,160","54,510","75,150","101,690","125,570"
NM,10740,"Albuquerque, NM",15-0000,Computer and Mathematical Occupations,major,"8,690",3.4,22.5,0.74,38.27,79600,5.4,17.35,25.15,35.94,48.85,62.16,"36,080","52,320","74,750","101,610","129,280"
TN,16860,"Chattanooga, TN-GA",15-0000,Computer and Mathematical Occupations,major,"4,740",6.4,19.254,0.64,38.2,79450,2,21,27.08,37.01,47.7,58.37,"43,690","56,330","76,980","99,220","121,400"
WI,33340,"Milwaukee-Waukesha-West Allis, WI",15-0000,Computer and Mathematical Occupations,major,"26,940",3.1,31.748,1.05,38.14,79330,1.3,20.83,27.43,36.35,47.03,58.48,"43,330","57,060","75,600","97,820","121,640"
FL,35840,"North Port-Sarasota-Bradenton, FL",15-0000,Computer and Mathematical Occupations,major,"4,360",10.3,14.755,0.49,38.1,79250,2.8,17.69,25.06,35.31,46.81,62.45,"36,790","52,120","73,450","97,360","129,900"
TN,34980,"Nashville-Davidson--Murfreesboro--Franklin, TN",15-0000,Computer and Mathematical Occupations,major,"25,680",3.8,26.511,0.88,38.07,79190,1.5,20.09,26.25,36.03,47.73,59.04,"41,790","54,600","74,940","99,280","122,800"
WI,43100,"Sheboygan, WI",15-0000,Computer and Mathematical Occupations,major,"1,130",6.6,18.891,0.62,38.04,79130,3.5,21.2,27.72,36.56,48.08,58.98,"44,100","57,650","76,040","100,010","122,680"
NY,46540,"Utica-Rome, NY",15-0000,Computer and Mathematical Occupations,major,"2,550",11.5,20.455,0.68,37.94,78910,2.5,19.06,25.73,35.25,48.05,61.25,"39,640","53,530","73,310","99,950","127,390"
WV,37620,"Parkersburg-Vienna, WV",15-0000,Computer and Mathematical Occupations,major,700,9.9,18.704,0.62,37.92,78870,5.6,20.47,28.05,37.63,45.24,51.74,"42,580","58,350","78,270","94,110","107,610"
PA,49620,"York-Hanover, PA",15-0000,Computer and Mathematical Occupations,major,"2,580",8.2,14.26,0.47,37.91,78860,2.4,19.01,27.54,37.68,47.45,57.28,"39,550","57,280","78,380","98,690","119,150"
TX,28660,"Killeen-Temple, TX",15-0000,Computer and Mathematical Occupations,major,"2,900",9.1,20.957,0.69,37.87,78770,2.6,19.51,26.88,35.3,47.55,59.02,"40,590","55,900","73,430","98,900","122,760"
MD,25180,"Hagerstown-Martinsburg, MD-WV",15-0000,Computer and Mathematical Occupations,major,"2,370",6.9,22.811,0.75,37.87,78760,4.9,15.35,22.07,34.38,50.72,61.91,"31,920","45,910","71,520","105,500","128,780"
WA,13380,"Bellingham, WA",15-0000,Computer and Mathematical Occupations,major,"1,360",7.4,15.344,0.51,37.86,78750,3.6,18.1,26.06,34.57,48.22,62.73,"37,640","54,190","71,910","100,290","130,480"
MO,28140,"Kansas City, MO-KS",15-0000,Computer and Mathematical Occupations,major,"46,070",3.6,43.409,1.43,37.82,78670,0.9,20.81,27.12,36.55,47.28,57.96,"43,280","56,400","76,020","98,340","120,570"
VT,72400,"Burlington-South Burlington, VT",15-0000,Computer and Mathematical Occupations,major,"4,630",4.8,37.678,1.24,37.8,78630,2,20.36,25.36,34.6,48.77,60.4,"42,350","52,740","71,970","101,450","125,620"
WA,34580,"Mount Vernon-Anacortes, WA",15-0000,Computer and Mathematical Occupations,major,610,7.9,12.862,0.42,37.76,78540,2.5,22.76,27.95,35.53,45.07,59.47,"47,340","58,130","73,900","93,750","123,690"
FL,37460,"Panama City, FL",15-0000,Computer and Mathematical Occupations,major,"1,240",4.2,15.058,0.5,37.75,78520,3.6,20.19,27.47,37.62,47.32,54.54,"41,990","57,140","78,250","98,420","113,440"
FL,33100,"Miami-Fort Lauderdale-West Palm Beach, FL",15-0000,Computer and Mathematical Occupations,major,"55,680",2.8,21.495,0.71,37.67,78350,1.2,17.77,24.55,34.91,47.93,61.22,"36,950","51,060","72,620","99,700","127,340"
MI,12980,"Battle Creek, MI",15-0000,Computer and Mathematical Occupations,major,750,8.6,13.919,0.46,37.63,78270,3.8,19.56,27.19,36.23,44.75,54.54,"40,690","56,560","75,350","93,070","113,440"
OR,18700,"Corvallis, OR",15-0000,Computer and Mathematical Occupations,major,"1,210",7.1,32.868,1.09,37.55,78100,2.3,21.36,27.01,35.24,46.19,59.19,"44,440","56,170","73,300","96,080","123,100"
CA,32900,"Merced, CA",15-0000,Computer and Mathematical Occupations,major,**,**,**,**,37.48,77960,2.3,23.23,28.03,36.01,46.05,55.9,"48,330","58,300","74,910","95,780","116,270"
MI,11460,"Ann Arbor, MI",15-0000,Computer and Mathematical Occupations,major,"8,270",4.1,37.839,1.25,37.48,77950,3.4,17.49,25.13,35.88,47.45,59.33,"36,370","52,260","74,630","98,690","123,410"
GA,31420,"Macon, GA",15-0000,Computer and Mathematical Occupations,major,"1,740",7,17.423,0.58,37.47,77940,3.9,18.31,25.5,34.89,45.32,57.22,"38,080","53,040","72,580","94,260","119,020"
GA,19140,"Dalton, GA",15-0000,Computer and Mathematical Occupations,major,910,12.1,14.126,0.47,37.45,77900,6,19.53,24.24,32.65,45.89,62.93,"40,620","50,410","67,910","95,450","130,890"
PA,10900,"Allentown-Bethlehem-Easton, PA-NJ",15-0000,Computer and Mathematical Occupations,major,"6,590",8.4,18.153,0.6,37.31,77610,2.1,19.05,25.88,34.2,46.77,60.59,"39,620","53,820","71,140","97,270","126,030"
NY,15380,"Buffalo-Cheektowaga-Niagara Falls, NY",15-0000,Computer and Mathematical Occupations,major,"14,640",6.6,26.564,0.88,37.28,77530,1.4,19.56,26.03,35.32,46.4,57.84,"40,690","54,140","73,470","96,500","120,310"
GA,47580,"Warner Robins, GA",15-0000,Computer and Mathematical Occupations,major,"1,720",5.1,23.939,0.79,37.26,77510,2.4,19.55,27.42,37.13,45.86,55.29,"40,660","57,030","77,230","95,380","115,000"
NV,39900,"Reno, NV",15-0000,Computer and Mathematical Occupations,major,"3,550",4.9,15.243,0.5,36.99,76940,4.1,17.72,24.08,33.58,44.53,59.51,"36,850","50,080","69,850","92,620","123,780"
IL,16580,"Champaign-Urbana, IL",15-0000,Computer and Mathematical Occupations,major,"3,480",11.1,34.786,1.15,36.99,76930,3.2,21.17,26.78,34.53,45.14,57.05,"44,030","55,710","71,830","93,890","118,670"
VA,40220,"Roanoke, VA",15-0000,Computer and Mathematical Occupations,major,"2,240",7.5,14.562,0.48,36.94,76840,2.7,18.74,24.1,34.52,47.06,59.61,"38,980","50,130","71,800","97,890","123,980"
OR,41420,"Salem, OR",15-0000,Computer and Mathematical Occupations,major,"3,500",3.8,20.564,0.68,36.93,76820,3.3,21.21,28.24,36.99,45.09,51.24,"44,120","58,730","76,950","93,790","106,580"
HI,27980,"Kahului-Wailuku-Lahaina, HI",15-0000,Computer and Mathematical Occupations,major,480,7.5,6.398,0.21,36.93,76810,3.8,21.17,26.87,34.36,45.7,57.97,"44,020","55,900","71,470","95,050","120,580"
FL,27260,"Jacksonville, FL",15-0000,Computer and Mathematical Occupations,major,"19,230",5.1,28.014,0.92,36.89,76730,1.6,19.17,25.75,35.34,46.89,58.34,"39,880","53,560","73,510","97,540","121,350"
NC,15500,"Burlington, NC",15-0000,Computer and Mathematical Occupations,major,730,7.6,11.895,0.39,36.82,76580,3.5,20.53,26.6,35.01,45.85,57.3,"42,710","55,330","72,820","95,370","119,180"
AK,21820,"Fairbanks, AK",15-0000,Computer and Mathematical Occupations,major,560,6.7,15.775,0.52,36.8,76550,2.6,22.94,29.47,36.77,44.04,49.24,"47,710","61,290","76,490","91,610","102,410"
WI,39540,"Racine, WI",15-0000,Computer and Mathematical Occupations,major,960,8.7,12.497,0.41,36.7,76340,2.7,19.39,26.57,35.03,45.33,55.89,"40,330","55,250","72,860","94,280","116,250"
SC,25940,"Hilton Head Island-Bluffton-Beaufort, SC",15-0000,Computer and Mathematical Occupations,major,750,15.2,9.983,0.33,36.7,76330,6.1,19.14,26,34.11,43.95,57.82,"39,810","54,070","70,950","91,420","120,260"
CA,20940,"El Centro, CA",15-0000,Computer and Mathematical Occupations,major,310,12.6,5.245,0.17,36.65,76230,5.1,19,23.64,34.94,45.85,59.81,"39,510","49,170","72,670","95,380","124,400"
CA,49700,"Yuba City, CA",15-0000,Computer and Mathematical Occupations,major,350,11,7.812,0.26,36.64,76210,3.3,20.14,27.16,36.54,45.12,54.85,"41,880","56,500","76,010","93,850","114,090"
NY,40380,"Rochester, NY",15-0000,Computer and Mathematical Occupations,major,"18,160",3.5,35.298,1.17,36.63,76200,1.6,19.39,25.33,34.8,46.33,58.1,"40,320","52,680","72,390","96,360","120,840"
FL,34940,"Naples-Immokalee-Marco Island, FL",15-0000,Computer and Mathematical Occupations,major,"1,520",9.7,10.414,0.34,36.63,76180,8.1,17.59,22.77,31.25,43.84,60.2,"36,590","47,360","65,000","91,190","125,220"
PA,44300,"State College, PA",15-0000,Computer and Mathematical Occupations,major,"2,330",2.3,33.63,1.11,36.53,75980,3.5,24.09,28.2,34.47,43.09,52.82,"50,100","58,660","71,710","89,630","109,870"
IA,11180,"Ames, IA",15-0000,Computer and Mathematical Occupations,major,"1,590",24.9,36.379,1.2,36.52,75960,3.7,19.39,26.18,34,43.76,53.5,"40,330","54,460","70,710","91,030","111,280"
TX,13140,"Beaumont-Port Arthur, TX",15-0000,Computer and Mathematical Occupations,major,"1,740",10.3,10.927,0.36,36.42,75760,3.6,16.86,22,31.74,47.87,63.88,"35,060","45,750","66,030","99,560","132,870"
CA,17020,"Chico, CA",15-0000,Computer and Mathematical Occupations,major,"1,380",21,17.064,0.56,36.42,75750,5.5,15.61,21.13,31.55,48.49,64.07,"32,470","43,940","65,630","100,850","133,260"
OH,17460,"Cleveland-Elyria, OH",15-0000,Computer and Mathematical Occupations,major,"31,490",3.8,30.398,1,36.42,75750,1.4,19.12,26.12,35.22,45.91,56.84,"39,760","54,320","73,260","95,490","118,240"
AL,33660,"Mobile, AL",15-0000,Computer and Mathematical Occupations,major,"3,240",13.1,18.72,0.62,36.32,75540,5.4,18.41,24.5,31.91,45.3,64.42,"38,290","50,970","66,360","94,230","133,990"
IN,23060,"Fort Wayne, IN",15-0000,Computer and Mathematical Occupations,major,"4,130",7.2,19.125,0.63,36.29,75480,3.2,18.23,24.59,34.11,46.26,59.07,"37,910","51,150","70,950","96,230","122,860"
CA,42020,"San Luis Obispo-Paso Robles-Arroyo Grande, CA",15-0000,Computer and Mathematical Occupations,major,"2,510",30,21.347,0.7,36.14,75170,3.5,16.41,23.64,33.74,46.36,59.25,"34,120","49,170","70,190","96,430","123,240"
WI,11540,"Appleton, WI",15-0000,Computer and Mathematical Occupations,major,"2,780",4.6,22.768,0.75,36.1,75090,2.5,18.68,25.84,34.07,44.44,57.42,"38,850","53,750","70,860","92,440","119,440"
CO,24540,"Greeley, CO",15-0000,Computer and Mathematical Occupations,major,"1,400",11.3,13.581,0.45,36.07,75020,3.1,17.18,24.52,33.98,44.76,56.44,"35,730","51,000","70,670","93,090","117,390"
OH,10420,"Akron, OH",15-0000,Computer and Mathematical Occupations,major,"8,890",7.8,27.152,0.9,36.02,74920,1.3,19.18,25.82,34.81,45.31,56.18,"39,880","53,710","72,410","94,240","116,840"
KY,31140,"Louisville/Jefferson County, KY-IN",15-0000,Computer and Mathematical Occupations,major,"16,760",5.9,25.709,0.85,36,74870,2,17.74,25.31,34.92,45.91,57.05,"36,900","52,640","72,620","95,480","118,670"
WA,31020,"Longview, WA",15-0000,Computer and Mathematical Occupations,major,290,11.2,7.855,0.26,35.98,74830,3.2,19.78,26.99,35.26,44.56,54.45,"41,150","56,130","73,340","92,670","113,260"
DE,20100,"Dover, DE",15-0000,Computer and Mathematical Occupations,major,"1,050",5.5,16.598,0.55,35.95,74770,3,22.65,26.99,33.83,43.75,50.31,"47,100","56,130","70,370","91,000","104,650"
TX,43300,"Sherman-Denison, TX",15-0000,Computer and Mathematical Occupations,major,410,13.3,9.045,0.3,35.92,74720,10.7,14.26,18.43,29.5,42.81,62.39,"29,670","38,330","61,360","89,040","129,770"
GA,23580,"Gainesville, GA",15-0000,Computer and Mathematical Occupations,major,830,6,9.477,0.31,35.9,74670,3.5,17.49,24.81,34.41,46.43,56.85,"36,380","51,610","71,560","96,570","118,240"
TN,28700,"Kingsport-Bristol-Bristol, TN-VA",15-0000,Computer and Mathematical Occupations,major,"1,730",13.1,14.896,0.49,35.85,74570,4.9,17.96,25.18,34.04,44.87,58.04,"37,350","52,380","70,800","93,320","120,710"
NY,24020,"Glens Falls, NY",15-0000,Computer and Mathematical Occupations,major,460,13.2,8.714,0.29,35.82,74510,6.1,17.86,22.39,31.4,43.59,57.43,"37,150","46,570","65,310","90,680","119,440"
OR,13460,"Bend-Redmond, OR",15-0000,Computer and Mathematical Occupations,major,"1,600",6.5,19.284,0.64,35.81,74480,2.3,18.9,25.65,33.6,43.76,54.9,"39,300","53,360","69,880","91,030","114,200"
CA,39820,"Redding, CA",15-0000,Computer and Mathematical Occupations,major,880,18,13.269,0.44,35.74,74330,4.2,13.98,20.1,32.24,47.82,63.79,"29,080","41,810","67,050","99,460","132,680"
MD,41540,"Salisbury, MD-DE",15-0000,Computer and Mathematical Occupations,major,"1,470",6.7,9.13,0.3,35.72,74300,3.3,16.21,22.41,30.6,45.2,61.07,"33,720","46,600","63,650","94,020","127,020"
WI,48140,"Wausau, WI",15-0000,Computer and Mathematical Occupations,major,"1,570",21.8,22.038,0.73,35.72,74300,2.9,19.75,25.52,34.06,44.7,56.24,"41,090","53,090","70,850","92,970","116,980"
NC,22180,"Fayetteville, NC",15-0000,Computer and Mathematical Occupations,major,"2,220",5.3,17.236,0.57,35.7,74250,3.4,20.07,26.22,34.56,44.9,53.68,"41,750","54,530","71,880","93,400","111,650"
WI,24580,"Green Bay, WI",15-0000,Computer and Mathematical Occupations,major,"4,590",12.6,26.326,0.87,35.69,74240,2.3,19.04,24.29,33.03,44.56,56.41,"39,600","50,530","68,710","92,690","117,320"
OK,36420,"Oklahoma City, OK",15-0000,Computer and Mathematical Occupations,major,"15,040",4.1,24.367,0.8,35.64,74140,1.7,18.96,24.85,33.73,44.92,55.8,"39,440","51,690","70,150","93,430","116,070"
WV,34060,"Morgantown, WV",15-0000,Computer and Mathematical Occupations,major,"1,620",15.9,24.458,0.81,35.64,74130,3.6,18.55,24.56,32.99,42.54,53.48,"38,580","51,080","68,620","88,480","111,240"
IN,18020,"Columbus, IN",15-0000,Computer and Mathematical Occupations,major,940,26.9,18.529,0.61,35.61,74080,2.4,18.37,27.74,35.75,42.72,49.98,"38,210","57,690","74,350","88,870","103,970"
MS,27140,"Jackson, MS",15-0000,Computer and Mathematical Occupations,major,"4,890",8.6,18.65,0.62,35.54,73910,4.2,18.97,24.36,30.92,42.26,54.75,"39,460","50,670","64,320","87,890","113,870"
IA,20220,"Dubuque, IA",15-0000,Computer and Mathematical Occupations,major,"1,180",19.2,20.43,0.67,35.42,73680,3.3,18.95,25.39,34.6,44.68,55.67,"39,420","52,820","71,970","92,930","115,790"
CA,23420,"Fresno, CA",15-0000,Computer and Mathematical Occupations,major,"3,370",7,8.941,0.3,35.28,73390,1.9,18.24,23.95,33.39,44.4,56.16,"37,940","49,820","69,440","92,350","116,810"
TX,11100,"Amarillo, TX",15-0000,Computer and Mathematical Occupations,major,"1,380",6.8,11.992,0.4,35.24,73290,3.5,17.46,23.31,33.24,44.43,55.99,"36,310","48,490","69,140","92,420","116,460"
PA,14100,"Bloomsburg-Berwick, PA",15-0000,Computer and Mathematical Occupations,major,700,22.3,17.217,0.57,35.19,73200,3.3,19.2,24.27,32.45,44.45,57.19,"39,940","50,490","67,500","92,450","118,960"
IA,26980,"Iowa City, IA",15-0000,Computer and Mathematical Occupations,major,"2,360",3.9,25.56,0.84,35.19,73190,1.9,20.74,26.96,34.75,42.62,49.98,"43,150","56,080","72,270","88,640","103,960"
WA,44060,"Spokane-Spokane Valley, WA",15-0000,Computer and Mathematical Occupations,major,"5,230",6.4,22.15,0.73,35.12,73050,2.4,16.79,23.48,33.28,44.4,57.46,"34,910","48,840","69,220","92,340","119,510"
GA,12260,"Augusta-Richmond County, GA-SC",15-0000,Computer and Mathematical Occupations,major,"3,520",10.6,15.778,0.52,35.1,73020,3,17.48,23.73,33.75,43.51,54.38,"36,370","49,360","70,210","90,490","113,100"
NC,35100,"New Bern, NC",15-0000,Computer and Mathematical Occupations,major,440,6.4,10.188,0.34,35.06,72930,4.1,16.6,23.11,33.46,45.86,56.77,"34,520","48,080","69,600","95,390","118,080"
AR,22220,"Fayetteville-Springdale-Rogers, AR-MO",15-0000,Computer and Mathematical Occupations,major,"8,360",5.9,34.125,1.13,34.96,72710,4.4,16.86,22.83,33.47,45.56,57.27,"35,060","47,490","69,610","94,770","119,120"
SC,34820,"Myrtle Beach-Conway-North Myrtle Beach, SC-NC",15-0000,Computer and Mathematical Occupations,major,"1,130",9.9,6.959,0.23,34.86,72500,4.6,16.92,22.08,32.24,43.07,54.17,"35,190","45,930","67,050","89,590","112,670"
LA,35380,"New Orleans-Metairie, LA",15-0000,Computer and Mathematical Occupations,major,"7,900",5.5,14.29,0.47,34.85,72490,3.4,18.08,23.43,31.83,42.97,54.39,"37,620","48,740","66,200","89,390","113,130"
CO,24300,"Grand Junction, CO",15-0000,Computer and Mathematical Occupations,major,700,7.3,11.416,0.38,34.84,72480,3.3,17.8,24.81,32.97,44.08,53.5,"37,030","51,600","68,590","91,680","111,290"
ID,14260,"Boise City, ID",15-0000,Computer and Mathematical Occupations,major,"8,850",5,27.534,0.91,34.83,72450,3.6,16.45,23.13,33.04,45.62,56.85,"34,210","48,120","68,730","94,890","118,240"
KS,45820,"Topeka, KS",15-0000,Computer and Mathematical Occupations,major,"2,600",3.1,23.678,0.78,34.83,72440,3.4,20.31,24.85,31.76,43.25,54.6,"42,240","51,680","66,060","89,950","113,570"
MI,28020,"Kalamazoo-Portage, MI",15-0000,Computer and Mathematical Occupations,major,"2,270",12.6,16.048,0.53,34.79,72360,2.6,19.2,24.33,32.74,43.93,55.65,"39,940","50,600","68,100","91,370","115,760"
PA,29540,"Lancaster, PA",15-0000,Computer and Mathematical Occupations,major,"3,210",6.4,13.095,0.43,34.78,72350,2,18.59,24.02,32.14,43.28,53.44,"38,670","49,960","66,860","90,020","111,150"
NC,48900,"Wilmington, NC",15-0000,Computer and Mathematical Occupations,major,"2,830",4.7,22.107,0.73,34.72,72210,2.9,18.67,24.03,32.02,42.25,55.28,"38,830","49,990","66,600","87,880","114,980"
WA,48300,"Wenatchee, WA",15-0000,Computer and Mathematical Occupations,major,430,7.3,9.214,0.3,34.65,72080,5.5,15.59,22.16,31.09,44.37,56.37,"32,430","46,090","64,670","92,300","117,250"
NM,29740,"Las Cruces, NM",15-0000,Computer and Mathematical Occupations,major,"1,700",8.7,24.149,0.8,34.55,71860,4.8,14.96,22.86,33.14,44.74,57.51,"31,110","47,560","68,930","93,060","119,610"
GA,42340,"Savannah, GA",15-0000,Computer and Mathematical Occupations,major,"2,050",6,11.688,0.39,34.51,71790,3.7,17.41,23.29,33.26,44.46,54.85,"36,200","48,430","69,170","92,470","114,080"
CA,33700,"Modesto, CA",15-0000,Computer and Mathematical Occupations,major,"1,600",9.7,8.676,0.29,34.46,71680,2.8,19.02,23.85,32.23,42.23,55.44,"39,570","49,610","67,040","87,840","115,320"
TN,28940,"Knoxville, TN",15-0000,Computer and Mathematical Occupations,major,"8,420",4.7,21.933,0.72,34.46,71680,2.2,16.8,22.86,32.01,44.67,55.99,"34,950","47,550","66,590","92,920","116,450"
ND,24220,"Grand Forks, ND-MN",15-0000,Computer and Mathematical Occupations,major,600,13.7,12.134,0.4,34.45,71660,3.1,19.39,25.48,32.48,42.66,53.02,"40,330","53,000","67,570","88,730","110,270"
SC,24860,"Greenville-Anderson-Mauldin, SC",15-0000,Computer and Mathematical Occupations,major,"8,170",5.3,19.766,0.65,34.45,71660,2.7,17.97,23.46,31.4,41.47,53.03,"37,380","48,800","65,320","86,250","110,310"
PA,30140,"Lebanon, PA",15-0000,Computer and Mathematical Occupations,major,360,7.8,7.219,0.24,34.36,71460,4.6,19.36,25.96,31.94,40.26,47.87,"40,270","53,990","66,440","83,730","99,570"
KY,30460,"Lexington-Fayette, KY",15-0000,Computer and Mathematical Occupations,major,"4,530",7.8,16.592,0.55,34.35,71450,4.4,18.48,23.66,31.11,41.17,50.42,"38,430","49,210","64,700","85,640","104,870"
MO,41140,"St. Joseph, MO-KS",15-0000,Computer and Mathematical Occupations,major,680,24.5,12.624,0.42,34.35,71450,7.3,15.66,22.6,31.19,43.55,57.54,"32,570","47,000","64,880","90,590","119,690"
CT,78700,"Waterbury, CT",15-0000,Computer and Mathematical Occupations,major,590,8.9,8.726,0.29,34.33,71410,2.8,18.09,24.94,32.96,42.41,52.59,"37,640","51,870","68,550","88,220","109,380"
CA,25260,"Hanford-Corcoran, CA",15-0000,Computer and Mathematical Occupations,major,350,11,8.086,0.27,34.33,71400,6.1,16.76,22.99,32.89,42.67,54.53,"34,860","47,810","68,410","88,750","113,430"
SC,17900,"Columbia, SC",15-0000,Computer and Mathematical Occupations,major,"10,980",3.4,28.907,0.95,34.33,71400,2.7,17.22,23.7,32.41,44.22,55.1,"35,820","49,290","67,420","91,970","114,610"
KY,21060,"Elizabethtown-Fort Knox, KY",15-0000,Computer and Mathematical Occupations,major,"1,550",18.3,28.274,0.93,34.31,71370,6,18.01,25.33,34.03,43.23,50.34,"37,460","52,680","70,780","89,920","104,700"
AZ,22380,"Flagstaff, AZ",15-0000,Computer and Mathematical Occupations,major,960,8.5,15.584,0.51,34.31,71360,3.1,18.18,24.31,31.41,42.91,52.77,"37,810","50,560","65,340","89,260","109,770"
MS,25060,"Gulfport-Biloxi-Pascagoula, MS",15-0000,Computer and Mathematical Occupations,major,"2,530",5.2,16.862,0.56,34.31,71360,2.7,19.41,24.31,33.11,42.79,50.76,"40,370","50,570","68,870","89,000","105,580"
TN,32820,"Memphis, TN-MS-AR",15-0000,Computer and Mathematical Occupations,major,"10,120",5.1,16.237,0.54,34.3,71350,2.2,16.19,23.15,32.26,43.96,54.54,"33,670","48,150","67,090","91,440","113,440"
AL,12220,"Auburn-Opelika, AL",15-0000,Computer and Mathematical Occupations,major,690,7.2,11.898,0.39,34.29,71320,3.5,17.98,25.32,32.2,39.95,53.02,"37,410","52,670","66,990","83,090","110,270"
OH,30620,"Lima, OH",15-0000,Computer and Mathematical Occupations,major,490,11.7,9.804,0.32,34.29,71320,10.4,15.77,21.65,29.06,42.29,65.11,"32,790","45,030","60,450","87,960","135,420"
FL,37860,"Pensacola-Ferry Pass-Brent, FL",15-0000,Computer and Mathematical Occupations,major,"3,500",19,20.076,0.66,34.27,71290,3.8,14.77,20.49,31.57,45.86,58.21,"30,720","42,610","65,670","95,390","121,090"
WA,49420,"Yakima, WA",15-0000,Computer and Mathematical Occupations,major,780,12.6,8.436,0.28,34.26,71270,2.4,19.15,24.54,31.92,41.55,52.11,"39,830","51,040","66,390","86,420","108,380"
VA,44420,"Staunton-Waynesboro, VA",15-0000,Computer and Mathematical Occupations,major,610,6.7,12.66,0.42,34.21,71160,3.5,17.05,23.41,32.65,44.33,54.53,"35,460","48,700","67,910","92,210","113,410"
LA,33740,"Monroe, LA",15-0000,Computer and Mathematical Occupations,major,890,5.4,11.489,0.38,34.18,71090,4.6,18.18,24.39,31.84,43.46,54.47,"37,810","50,740","66,220","90,400","113,300"
TX,18580,"Corpus Christi, TX",15-0000,Computer and Mathematical Occupations,major,"1,920",11.5,10.262,0.34,34.14,71020,3,16.64,21.66,29.99,41.47,54.93,"34,610","45,050","62,370","86,260","114,250"
WY,16940,"Cheyenne, WY",15-0000,Computer and Mathematical Occupations,major,"1,020",4.1,22.461,0.74,34.15,71020,5.1,19.36,24.17,30.48,39.14,49.58,"40,260","50,270","63,400","81,420","103,130"
WI,22540,"Fond du Lac, WI",15-0000,Computer and Mathematical Occupations,major,660,17.3,14.608,0.48,34.13,70980,2.7,19.04,26.04,33.05,41.1,50.25,"39,600","54,170","68,750","85,490","104,510"
PA,23900,"Gettysburg, PA",15-0000,Computer and Mathematical Occupations,major,280,5.3,8.501,0.28,34.11,70940,6.2,14.8,22.03,31.49,43.13,55.95,"30,790","45,830","65,490","89,700","116,370"
OR,21660,"Eugene, OR",15-0000,Computer and Mathematical Occupations,major,"3,550",12,22.567,0.74,34.09,70920,2,18.66,23.83,32.53,42.22,50.66,"38,810","49,570","67,660","87,820","105,360"
MN,41060,"St. Cloud, MN",15-0000,Computer and Mathematical Occupations,major,"1,950",11.8,18.505,0.61,34.02,70770,2.7,18.23,24.2,32.37,42.56,53.82,"37,910","50,350","67,330","88,530","111,950"
VA,25500,"Harrisonburg, VA",15-0000,Computer and Mathematical Occupations,major,870,13.6,13.66,0.45,34.02,70770,4.1,16.9,21.81,31.14,42.08,58.25,"35,150","45,370","64,760","87,520","121,160"
IA,43580,"Sioux City, IA-NE-SD",15-0000,Computer and Mathematical Occupations,major,820,5.6,9.75,0.32,34.01,70750,2.7,18.43,23.83,32.29,43.37,51.05,"38,340","49,560","67,160","90,220","106,180"
AZ,49740,"Yuma, AZ",15-0000,Computer and Mathematical Occupations,major,590,9.9,9.639,0.32,33.98,70680,3.9,16.56,24.26,32.24,41.16,51.05,"34,450","50,460","67,070","85,610","106,180"
ND,22020,"Fargo, ND-MN",15-0000,Computer and Mathematical Occupations,major,"4,820",10,34.93,1.15,33.97,70660,1.6,20.2,25.25,31.56,40.54,50.62,"42,010","52,520","65,650","84,320","105,280"
NJ,47220,"Vineland-Bridgeton, NJ",15-0000,Computer and Mathematical Occupations,major,300,8.6,5.066,0.17,33.94,70590,2.5,17.53,25.85,33.69,42.51,50.11,"36,460","53,780","70,070","88,420","104,230"
TX,30980,"Longview, TX",15-0000,Computer and Mathematical Occupations,major,870,10.5,9.417,0.31,33.9,70510,5.2,14.51,20.57,29.86,41.95,61.22,"30,180","42,790","62,100","87,260","127,340"
VA,13980,"Blacksburg-Christiansburg-Radford, VA",15-0000,Computer and Mathematical Occupations,major,"1,630",15.9,23.223,0.77,33.88,70470,5.1,11.65,21.63,31.71,44.97,58,"24,240","45,000","65,950","93,540","120,630"
PA,11020,"Altoona, PA",15-0000,Computer and Mathematical Occupations,major,700,13.9,11.973,0.4,33.83,70380,3.6,16.38,22.25,32.11,43.68,53.72,"34,080","46,280","66,790","90,850","111,730"
IA,47940,"Waterloo-Cedar Falls, IA",15-0000,Computer and Mathematical Occupations,major,"1,440",19.2,16.471,0.54,33.79,70280,2.2,18.82,23.97,30.96,41.55,53.16,"39,150","49,860","64,390","86,430","110,580"
OK,46140,"Tulsa, OK",15-0000,Computer and Mathematical Occupations,major,"9,180",5.3,21.186,0.7,33.76,70220,1.7,16.82,22.59,31.67,43.84,54.29,"34,990","46,990","65,870","91,190","112,920"
NC,24780,"Greenville, NC",15-0000,Computer and Mathematical Occupations,major,"1,130",28.9,14.765,0.49,33.71,70120,3.5,16.96,23.63,31.27,41.45,53.62,"35,280","49,140","65,050","86,210","111,520"
WI,36780,"Oshkosh-Neenah, WI",15-0000,Computer and Mathematical Occupations,major,"1,850",10.3,19.926,0.66,33.68,70060,1.9,19.83,25.18,32.32,41.49,49.38,"41,250","52,370","67,220","86,310","102,700"
TN,27740,"Johnson City, TN",15-0000,Computer and Mathematical Occupations,major,"1,040",13.6,13.566,0.45,33.67,70030,4,16.66,22.08,30.69,41.47,55.2,"34,640","45,930","63,830","86,250","114,820"
NV,16180,"Carson City, NV",15-0000,Computer and Mathematical Occupations,major,910,4.6,31.361,1.04,33.65,70000,2.5,20.71,25.62,31.97,40.85,47.95,"43,080","53,290","66,500","84,980","99,740"
AR,30780,"Little Rock-North Little Rock-Conway, AR",15-0000,Computer and Mathematical Occupations,major,"9,720",4.3,28.055,0.93,33.55,69770,2.3,18.3,23.69,31.39,41.4,51.53,"38,060","49,280","65,300","86,100","107,180"
OH,49660,"Youngstown-Warren-Boardman, OH-PA",15-0000,Computer and Mathematical Occupations,major,"2,000",10.3,9.353,0.31,33.51,69710,3.3,15.76,22.09,31.07,42.43,54.98,"32,790","45,950","64,620","88,260","114,360"
NY,28740,"Kingston, NY",15-0000,Computer and Mathematical Occupations,major,590,12.4,9.75,0.32,33.51,69700,2.5,17.43,23.48,32.02,39.81,50.4,"36,260","48,840","66,600","82,800","104,830"
OH,31900,"Mansfield, OH",15-0000,Computer and Mathematical Occupations,major,530,19.4,10.319,0.34,33.49,69670,3.3,18.09,23.66,32.12,42.03,54.61,"37,620","49,220","66,820","87,430","113,600"
MI,29620,"Lansing-East Lansing, MI",15-0000,Computer and Mathematical Occupations,major,"7,510",5.1,34.872,1.15,33.47,69620,2.1,18.74,24.45,32.94,41,48.98,"38,980","50,860","68,510","85,290","101,870"
PA,21500,"Erie, PA",15-0000,Computer and Mathematical Occupations,major,"1,530",27.1,12.333,0.41,33.42,69520,4.2,17.25,23.52,32.17,41.73,51.61,"35,880","48,930","66,920","86,810","107,350"
FL,45540,"The Villages, FL",15-0000,Computer and Mathematical Occupations,major,130,7.5,4.631,0.15,33.41,69500,4.8,19.37,22.25,31.43,41.29,49.57,"40,290","46,290","65,380","85,890","103,110"
IN,34620,"Muncie, IN",15-0000,Computer and Mathematical Occupations,major,"1,140",7.4,25.183,0.83,33.39,69460,4.1,19.27,24.87,31.89,40.43,49.75,"40,090","51,720","66,330","84,090","103,480"
IL,40420,"Rockford, IL",15-0000,Computer and Mathematical Occupations,major,"1,790",18.3,12.004,0.4,33.38,69440,2.8,14.68,23.51,32.95,42.99,50.64,"30,540","48,890","68,530","89,420","105,340"
OH,45780,"Toledo, OH",15-0000,Computer and Mathematical Occupations,major,"3,980",6.3,13.45,0.44,33.3,69270,2.3,16.68,23.25,32.09,41.89,53.1,"34,700","48,370","66,740","87,130","110,450"
IN,21780,"Evansville, IN-KY",15-0000,Computer and Mathematical Occupations,major,"2,050",8.5,13.106,0.43,33.3,69250,2.2,16.85,22.7,30.74,41.86,53.27,"35,050","47,210","63,940","87,070","110,800"
GA,10500,"Albany, GA",15-0000,Computer and Mathematical Occupations,major,530,6.6,8.787,0.29,33.28,69230,4.3,17.16,22.39,33.12,42.64,49.99,"35,690","46,560","68,890","88,690","103,980"
KS,48620,"Wichita, KS",15-0000,Computer and Mathematical Occupations,major,"5,480",8.4,18.503,0.61,33.26,69180,3.4,16.3,21.54,30.96,43.09,55.22,"33,900","44,800","64,390","89,630","114,850"
AL,19300,"Daphne-Fairhope-Foley, AL",15-0000,Computer and Mathematical Occupations,major,320,12.2,4.349,0.14,33.25,69170,5.8,16.21,20.55,29.75,43.57,54.16,"33,710","42,740","61,880","90,630","112,650"
ME,74650,"Lewiston-Auburn, ME",15-0000,Computer and Mathematical Occupations,major,780,9.7,16.026,0.53,33.25,69160,3.1,17.41,22.82,32.34,40.89,49.67,"36,200","47,470","67,270","85,040","103,310"
TX,46340,"Tyler, TX",15-0000,Computer and Mathematical Occupations,major,"1,080",9.6,10.66,0.35,33.23,69130,3.3,17.22,21.87,30.12,40.91,53.87,"35,810","45,490","62,650","85,080","112,060"
GA,46660,"Valdosta, GA",15-0000,Computer and Mathematical Occupations,major,670,19.1,12.673,0.42,33.19,69040,6.3,16.94,21.42,30.13,43.16,56.16,"35,240","44,560","62,670","89,780","116,810"
MN,20260,"Duluth, MN-WI",15-0000,Computer and Mathematical Occupations,major,"1,760",10.2,13.795,0.46,33.18,69020,1.7,20.2,25.31,31.85,39.46,48.82,"42,020","52,640","66,250","82,070","101,540"
AL,20020,"Dothan, AL",15-0000,Computer and Mathematical Occupations,major,450,16,7.817,0.26,33.13,68920,5.8,18.39,22.76,30,39.13,53.66,"38,260","47,330","62,410","81,400","111,620"
NE,30700,"Lincoln, NE",15-0000,Computer and Mathematical Occupations,major,"5,900",6,32.947,1.09,33.09,68840,1.9,17.86,23.04,30.96,41.15,50.41,"37,140","47,920","64,390","85,580","104,860"
IL,19180,"Danville, IL",15-0000,Computer and Mathematical Occupations,major,200,15.7,7.583,0.25,33.09,68820,2.9,20.18,24.73,32.49,39.91,48.06,"41,980","51,430","67,570","83,010","99,960"
NC,40580,"Rocky Mount, NC",15-0000,Computer and Mathematical Occupations,major,380,10.8,6.853,0.23,33.07,68790,3,17.24,23.19,31.24,42.43,49.43,"35,860","48,230","64,980","88,260","102,820"
ND,13900,"Bismarck, ND",15-0000,Computer and Mathematical Occupations,major,"1,560",7.3,22.307,0.74,33.07,68780,4.9,16.47,22.24,30.68,42.07,54.17,"34,250","46,260","63,820","87,500","112,680"
OH,15940,"Canton-Massillon, OH",15-0000,Computer and Mathematical Occupations,major,"2,480",12.7,14.617,0.48,33.03,68700,2.9,17.77,22.19,30.07,41.93,51.88,"36,970","46,160","62,540","87,220","107,920"
MI,24340,"Grand Rapids-Wyoming, MI",15-0000,Computer and Mathematical Occupations,major,"10,030",4.3,17.657,0.58,32.95,68550,1.6,16.77,22.77,31.41,41.24,51.01,"34,880","47,370","65,320","85,790","106,110"
OR,10540,"Albany, OR",15-0000,Computer and Mathematical Occupations,major,370,14.4,8.14,0.27,32.94,68510,3.7,19.86,24.2,32.01,40,48.65,"41,310","50,340","66,580","83,190","101,190"
MI,34740,"Muskegon, MI",15-0000,Computer and Mathematical Occupations,major,400,7.4,6.206,0.2,32.9,68440,3.9,16.73,23.11,32.06,41.3,50.03,"34,800","48,070","66,690","85,910","104,060"
PA,42540,"Scranton--Wilkes-Barre--Hazleton, PA",15-0000,Computer and Mathematical Occupations,major,"3,580",10,13.801,0.46,32.9,68440,2.3,15.84,21.64,31.76,42.26,51.66,"32,950","45,000","66,060","87,910","107,460"
MS,25620,"Hattiesburg, MS",15-0000,Computer and Mathematical Occupations,major,440,17.8,7.077,0.23,32.84,68300,3.3,16.69,21.59,31.93,41.09,52.54,"34,700","44,910","66,420","85,480","109,290"
IN,21140,"Elkhart-Goshen, IN",15-0000,Computer and Mathematical Occupations,major,"1,180",11.6,8.51,0.28,32.83,68280,3,16.54,21.52,29.45,40.21,53.97,"34,400","44,750","61,260","83,640","112,270"
OK,30020,"Lawton, OK",15-0000,Computer and Mathematical Occupations,major,740,8,17.087,0.56,32.8,68230,3.5,17.04,24.2,31.72,39.65,50.1,"35,450","50,340","65,980","82,460","104,210"
AL,23460,"Gadsden, AL",15-0000,Computer and Mathematical Occupations,major,90,17.6,2.456,0.08,32.79,68200,7,16.56,25.01,33.01,40.72,49.34,"34,450","52,010","68,670","84,690","102,630"
ID,17660,"Coeur d'Alene, ID",15-0000,Computer and Mathematical Occupations,major,800,19.2,12.935,0.43,32.78,68190,3,17.54,22.18,30.36,39.26,53.93,"36,490","46,120","63,150","81,660","112,180"
TX,45500,"Texarkana, TX-AR",15-0000,Computer and Mathematical Occupations,major,470,13.3,8.44,0.28,32.78,68180,5.1,14.69,20.06,28.89,41.96,59.37,"30,550","41,720","60,080","87,270","123,480"
KS,29940,"Lawrence, KS",15-0000,Computer and Mathematical Occupations,major,"1,430",18.7,28.951,0.96,32.76,68140,3.4,16.48,21.69,30.03,39.73,51.75,"34,280","45,110","62,470","82,630","107,650"
IN,14020,"Bloomington, IN",15-0000,Computer and Mathematical Occupations,major,"1,690",7.7,24.401,0.81,32.72,68050,4.5,19.91,25,30.13,38.25,52.83,"41,420","52,000","62,680","79,570","109,880"
AZ,39140,"Prescott, AZ",15-0000,Computer and Mathematical Occupations,major,590,6.3,9.27,0.31,32.7,68020,4.1,15.48,21.73,29.62,39.52,50.11,"32,190","45,200","61,610","82,210","104,230"
MI,22420,"Flint, MI",15-0000,Computer and Mathematical Occupations,major,"2,290",21.5,16.636,0.55,32.68,67970,2.5,17.19,24.22,32.56,39.11,48.78,"35,750","50,370","67,720","81,360","101,450"
ID,30300,"Lewiston, ID-WA",15-0000,Computer and Mathematical Occupations,major,230,32.6,8.728,0.29,32.65,67900,4,16.5,23.23,31.13,41.65,49.21,"34,310","48,320","64,740","86,630","102,360"
OK,21420,"Enid, OK",15-0000,Computer and Mathematical Occupations,major,280,27,11.337,0.37,32.57,67750,4.2,15.72,22.44,31.19,39.8,48.23,"32,700","46,680","64,870","82,790","100,310"
ME,70750,"Bangor, ME",15-0000,Computer and Mathematical Occupations,major,800,7,12.271,0.41,32.55,67700,3.7,18.13,23.02,30.24,39.95,50.4,"37,720","47,880","62,890","83,090","104,830"
SD,43620,"Sioux Falls, SD",15-0000,Computer and Mathematical Occupations,major,"5,060",2.3,32.658,1.08,32.52,67650,1.6,17.97,23.11,30.8,39.92,49.57,"37,380","48,080","64,070","83,040","103,100"
MI,35660,"Niles-Benton Harbor, MI",15-0000,Computer and Mathematical Occupations,major,660,20.1,10.768,0.36,32.51,67610,4.3,16.78,22.51,30.44,40.24,51.63,"34,910","46,820","63,310","83,710","107,380"
WI,29100,"La Crosse-Onalaska, WI-MN",15-0000,Computer and Mathematical Occupations,major,"1,780",5,23.555,0.78,32.42,67430,2.4,19.17,23.28,30.32,38.83,48.03,"39,870","48,410","63,060","80,760","99,900"
NY,48060,"Watertown-Fort Drum, NY",15-0000,Computer and Mathematical Occupations,major,440,12,10.899,0.36,32.37,67330,4.6,17.71,23.08,31.07,39.12,48.02,"36,830","48,010","64,620","81,370","99,870"
TN,17300,"Clarksville, TN-KY",15-0000,Computer and Mathematical Occupations,major,980,5.6,11.437,0.38,32.35,67290,3.4,16.43,22,31.91,40.68,49.28,"34,180","45,770","66,380","84,620","102,510"
WA,47460,"Walla Walla, WA",15-0000,Computer and Mathematical Occupations,major,240,8.8,9.479,0.31,32.35,67290,4.4,16.47,22.93,30.92,39.41,50.74,"34,250","47,700","64,310","81,980","105,540"
AL,19460,"Decatur, AL",15-0000,Computer and Mathematical Occupations,major,460,11.1,8.738,0.29,32.32,67230,2.8,17.97,22.86,30.27,40.86,52.2,"37,380","47,550","62,960","85,000","108,570"
NM,42140,"Santa Fe, NM",15-0000,Computer and Mathematical Occupations,major,"1,530",4.9,24.764,0.82,32.25,67080,4.1,15.22,24.41,32.7,38.42,46.01,"31,660","50,770","68,010","79,910","95,710"
PA,20700,"East Stroudsburg, PA",15-0000,Computer and Mathematical Occupations,major,420,10.4,7.6,0.25,32.24,67070,5,14.63,21.74,31.32,39.69,51.25,"30,440","45,210","65,140","82,560","106,600"
FL,29460,"Lakeland-Winter Haven, FL",15-0000,Computer and Mathematical Occupations,major,"2,430",7,11.033,0.36,32.23,67040,2.5,16.43,21.24,28.25,40.93,51.94,"34,180","44,170","58,760","85,120","108,030"
NC,11700,"Asheville, NC",15-0000,Computer and Mathematical Occupations,major,"2,140",5.2,10.981,0.36,32.22,67010,4,16.07,20.71,27.97,38.01,53.14,"33,430","43,070","58,170","79,070","110,530"
SC,44940,"Sumter, SC",15-0000,Computer and Mathematical Occupations,major,430,25.8,11.699,0.39,32.19,66950,2.4,18.55,24.34,30.7,38.05,47.69,"38,580","50,620","63,860","79,150","99,200"
TX,15180,"Brownsville-Harlingen, TX",15-0000,Computer and Mathematical Occupations,major,840,10.8,6.052,0.2,32.14,66840,6.3,13.97,18.3,27.25,39.98,56.55,"29,050","38,060","56,670","83,170","117,620"
TX,21340,"El Paso, TX",15-0000,Computer and Mathematical Occupations,major,"4,020",8.1,13.183,0.44,32.12,66810,2.7,14.83,20.97,29.28,40.23,54.78,"30,850","43,610","60,910","83,680","113,950"
FL,38940,"Port St. Lucie, FL",15-0000,Computer and Mathematical Occupations,major,"2,070",27.2,14.245,0.47,32.12,66800,3,16.11,21.03,29.34,38.93,54.41,"33,510","43,750","61,030","80,970","113,160"
TX,36220,"Odessa, TX",15-0000,Computer and Mathematical Occupations,major,450,10,5.941,0.2,32.04,66650,3,17.82,22.78,30.28,38.9,48.96,"37,070","47,370","62,990","80,910","101,840"
AL,46220,"Tuscaloosa, AL",15-0000,Computer and Mathematical Occupations,major,"1,200",9.3,11.779,0.39,32.01,66580,2.6,17.15,22.19,29.19,39.1,49.71,"35,660","46,160","60,720","81,320","103,390"
OR,32780,"Medford, OR",15-0000,Computer and Mathematical Occupations,major,"1,220",5.8,14.225,0.47,31.94,66440,2.1,18.5,23.68,30.24,38.42,47.54,"38,490","49,240","62,890","79,920","98,890"
FL,36100,"Ocala, FL",15-0000,Computer and Mathematical Occupations,major,820,14.5,7.978,0.26,31.93,66410,3.4,16.08,21.27,29.84,39.06,49.95,"33,450","44,240","62,060","81,240","103,890"
PA,48700,"Williamsport, PA",15-0000,Computer and Mathematical Occupations,major,550,10.7,10.549,0.35,31.91,66380,3.8,17.82,22.6,30.4,39.17,48.07,"37,060","47,010","63,230","81,480","99,980"
PA,27780,"Johnstown, PA",15-0000,Computer and Mathematical Occupations,major,730,11.6,14.227,0.47,31.87,66300,3.6,15.69,22.01,30.53,39.05,52.19,"32,630","45,790","63,510","81,230","108,560"
SD,39660,"Rapid City, SD",15-0000,Computer and Mathematical Occupations,major,910,4.3,13.81,0.46,31.84,66230,3.6,16.1,20.6,28.56,38.84,53.13,"33,480","42,840","59,400","80,780","110,520"
FL,42680,"Sebastian-Vero Beach, FL",15-0000,Computer and Mathematical Occupations,major,440,8.9,8.528,0.28,31.83,66210,6.8,13.79,19.23,26.78,37.63,50.02,"28,690","39,990","55,690","78,270","104,050"
MN,31860,"Mankato-North Mankato, MN",15-0000,Computer and Mathematical Occupations,major,"1,020",16,19.413,0.64,31.7,65940,5.1,19.44,22.57,28.57,38.08,48.53,"40,430","46,950","59,430","79,200","100,940"
TX,41660,"San Angelo, TX",15-0000,Computer and Mathematical Occupations,major,460,8.1,10.125,0.33,31.69,65910,3.7,16.52,21.58,29.02,38.1,49.32,"34,360","44,880","60,360","79,240","102,590"
TX,47380,"Waco, TX",15-0000,Computer and Mathematical Occupations,major,"1,890",7.2,16.203,0.53,31.67,65880,5.5,11.71,18.98,29.17,41.16,55.62,"24,350","39,480","60,670","85,610","115,690"
GA,12020,"Athens-Clarke County, GA",15-0000,Computer and Mathematical Occupations,major,"1,620",9.8,18.377,0.61,31.67,65870,5.1,16.5,21.58,28.4,37.67,53.02,"34,310","44,880","59,070","78,340","110,280"
AR,22900,"Fort Smith, AR-OK",15-0000,Computer and Mathematical Occupations,major,"1,280",20.8,11.805,0.39,31.59,65700,2.8,16.37,22,29.76,37.89,47.77,"34,050","45,750","61,900","78,820","99,370"
MI,33220,"Midland, MI",15-0000,Computer and Mathematical Occupations,major,760,20,21.813,0.72,31.53,65580,15.2,10.49,11.97,29.62,44.89,61.76,"21,830","24,890","61,610","93,370","128,450"
CO,39380,"Pueblo, CO",15-0000,Computer and Mathematical Occupations,major,600,7.5,10.079,0.33,31.47,65470,2.5,19.06,23.64,29.76,37.43,47.39,"39,640","49,170","61,890","77,850","98,580"
SC,22500,"Florence, SC",15-0000,Computer and Mathematical Occupations,major,"1,160",7.2,13.465,0.44,31.48,65470,2.6,15.7,20.23,29.33,39.22,50.17,"32,660","42,070","61,010","81,570","104,360"
TX,47020,"Victoria, TX",15-0000,Computer and Mathematical Occupations,major,250,13.1,6.436,0.21,31.43,65380,5.5,13.89,20.07,28.98,41.19,51.59,"28,890","41,750","60,270","85,670","107,310"
NY,21300,"Elmira, NY",15-0000,Computer and Mathematical Occupations,major,380,18.5,10.704,0.35,31.42,65350,3.2,17.73,22.78,29.61,37.85,48.11,"36,880","47,390","61,590","78,720","100,080"
TX,17780,"College Station-Bryan, TX",15-0000,Computer and Mathematical Occupations,major,"2,890",11.4,25.353,0.84,31.42,65340,3.3,16.23,21.79,28.99,38.12,48.83,"33,760","45,330","60,290","79,300","101,560"
WI,27500,"Janesville-Beloit, WI",15-0000,Computer and Mathematical Occupations,major,960,8.4,14.508,0.48,31.41,65330,2.4,16.65,22.15,29.64,39.58,48.6,"34,640","46,060","61,650","82,330","101,080"
NC,27340,"Jacksonville, NC",15-0000,Computer and Mathematical Occupations,major,520,8.8,11.058,0.37,31.39,65300,5.9,13.98,21.84,31.11,38.8,48.94,"29,070","45,430","64,700","80,710","101,790"
IN,33140,"Michigan City-La Porte, IN",15-0000,Computer and Mathematical Occupations,major,240,17.6,6.082,0.2,31.36,65220,3.5,15.04,21.28,28.71,38.42,51.15,"31,280","44,270","59,720","79,910","106,390"
FL,23540,"Gainesville, FL",15-0000,Computer and Mathematical Occupations,major,"2,920",5.9,21.929,0.72,31.32,65150,2.2,15.95,20.8,28.45,39.05,49.58,"33,180","43,270","59,180","81,230","103,120"
LA,12940,"Baton Rouge, LA",15-0000,Computer and Mathematical Occupations,major,"5,440",5.1,13.748,0.45,31.21,64920,2.1,16.83,22.32,29.25,38.12,47.95,"35,000","46,420","60,830","79,300","99,750"
IN,29200,"Lafayette-West Lafayette, IN",15-0000,Computer and Mathematical Occupations,major,"1,540",6.3,16.932,0.56,31.19,64880,2,19.16,23.77,29.79,36.87,46.45,"39,850","49,440","61,960","76,700","96,630"
IN,43780,"South Bend-Mishawaka, IN-MI",15-0000,Computer and Mathematical Occupations,major,"2,110",7.1,15.827,0.52,31.18,64860,3.3,15.16,19.81,27.72,37.71,49.08,"31,540","41,200","57,670","78,440","102,080"
IL,19500,"Decatur, IL",15-0000,Computer and Mathematical Occupations,major,600,23.3,11.936,0.39,31.16,64810,9,12.99,19.44,27.42,41.04,57.72,"27,010","40,430","57,040","85,370","120,050"
SC,43900,"Spartanburg, SC",15-0000,Computer and Mathematical Occupations,major,"1,880",5.6,12.227,0.4,31.07,64620,3.2,17.72,21.49,28.03,38.93,50.14,"36,860","44,700","58,310","80,980","104,290"
FL,15980,"Cape Coral-Fort Myers, FL",15-0000,Computer and Mathematical Occupations,major,"2,860",8.5,10.753,0.35,30.96,64410,2.8,15.59,20.95,27.82,38.32,49.48,"32,420","43,580","57,860","79,700","102,920"
KY,36980,"Owensboro, KY",15-0000,Computer and Mathematical Occupations,major,380,29.1,7.358,0.24,30.93,64340,3.2,17.56,21.5,27.66,40.22,48.76,"36,530","44,710","57,540","83,650","101,430"
LA,43340,"Shreveport-Bossier City, LA",15-0000,Computer and Mathematical Occupations,major,"1,450",7.6,8.296,0.27,30.88,64220,2.7,17.47,22.72,29.09,37.46,46.8,"36,330","47,250","60,510","77,920","97,340"
WV,26580,"Huntington-Ashland, WV-KY-OH",15-0000,Computer and Mathematical Occupations,major,"1,060",10.1,8.09,0.27,30.83,64140,4.1,14.59,20.07,27.71,39.38,52.98,"30,340","41,740","57,640","81,920","110,190"
NC,25860,"Hickory-Lenoir-Morganton, NC",15-0000,Computer and Mathematical Occupations,major,"1,250",10.8,8.102,0.27,30.83,64120,4.4,15.64,18.49,26.8,40.25,55.21,"32,530","38,460","55,750","83,720","114,840"
TN,34100,"Morristown, TN",15-0000,Computer and Mathematical Occupations,major,210,4.5,4.674,0.15,30.82,64110,5,16.42,20.95,28.38,39.63,50.49,"34,150","43,570","59,040","82,440","105,030"
MI,40980,"Saginaw, MI",15-0000,Computer and Mathematical Occupations,major,930,12.1,10.932,0.36,30.8,64070,3.5,17.1,21.93,29.24,38.79,47.79,"35,560","45,620","60,820","80,680","99,400"
FL,26140,"Homosassa Springs, FL",15-0000,Computer and Mathematical Occupations,major,280,9.4,8.753,0.29,30.64,63740,5.9,15.88,20.55,26.75,38.93,55.54,"33,030","42,750","55,630","80,970","115,530"
WY,16220,"Casper, WY",15-0000,Computer and Mathematical Occupations,major,370,6.3,9.755,0.32,30.64,63740,1.8,18.82,24.09,30.82,36.64,42.64,"39,140","50,110","64,110","76,220","88,690"
WV,48540,"Wheeling, WV-OH",15-0000,Computer and Mathematical Occupations,major,650,13.8,10.596,0.35,30.45,63340,3.3,15.67,20.92,28.05,37.85,47.95,"32,600","43,510","58,340","78,730","99,730"
MO,17860,"Columbia, MO",15-0000,Computer and Mathematical Occupations,major,"3,180",18.5,33.733,1.11,30.38,63190,3.2,16.49,20.48,28.04,37.71,48.62,"34,290","42,590","58,320","78,430","101,120"
IN,45460,"Terre Haute, IN",15-0000,Computer and Mathematical Occupations,major,570,18.3,8.591,0.28,30.35,63130,3.9,15,21.9,29.78,38.22,46.36,"31,200","45,550","61,940","79,490","96,420"
WI,20740,"Eau Claire, WI",15-0000,Computer and Mathematical Occupations,major,"1,430",11.9,17.276,0.57,30.35,63130,2.6,17.26,21.34,28.39,37.01,46.13,"35,890","44,380","59,050","76,980","95,950"
ID,38540,"Pocatello, ID",15-0000,Computer and Mathematical Occupations,major,360,7.2,10.499,0.35,30.32,63060,5.5,17,20.88,27.07,36.09,48.93,"35,360","43,430","56,310","75,060","101,780"
MT,13740,"Billings, MT",15-0000,Computer and Mathematical Occupations,major,"1,620",12.1,18.945,0.63,30.27,62960,2,17.24,22.31,28.75,37.83,46.66,"35,870","46,410","59,800","78,680","97,050"
FL,45220,"Tallahassee, FL",15-0000,Computer and Mathematical Occupations,major,"5,960",4.4,34.51,1.14,30.26,62940,4.1,16.08,20.58,27.11,36.11,51.27,"33,440","42,810","56,390","75,110","106,640"
WV,16620,"Charleston, WV",15-0000,Computer and Mathematical Occupations,major,"2,700",7,24.175,0.8,30.2,62810,5.8,16.2,20.49,27.43,36.13,48.92,"33,690","42,620","57,060","75,140","101,750"
TX,31180,"Lubbock, TX",15-0000,Computer and Mathematical Occupations,major,"2,300",4.6,16.174,0.53,30.14,62690,2.6,16.73,21.59,28.01,36.6,47.54,"34,790","44,910","58,260","76,120","98,880"
TX,29700,"Laredo, TX",15-0000,Computer and Mathematical Occupations,major,640,8.1,6.397,0.21,30.09,62590,4.2,14.09,19.13,26.91,38.34,50.65,"29,310","39,790","55,970","79,740","105,350"
AL,11500,"Anniston-Oxford-Jacksonville, AL",15-0000,Computer and Mathematical Occupations,major,440,13.5,9.932,0.33,29.98,62360,6.7,13.53,21.2,29.09,37.25,45.86,"28,150","44,110","60,510","77,480","95,390"
UT,30860,"Logan, UT-ID",15-0000,Computer and Mathematical Occupations,major,"1,690",7.2,29.71,0.98,29.96,62320,2.7,13.45,18.63,27.86,38,49.43,"27,970","38,760","57,950","79,040","102,810"
MT,33540,"Missoula, MT",15-0000,Computer and Mathematical Occupations,major,"1,340",10.6,22.253,0.73,29.84,62070,7.5,14.27,18.39,25.81,35.88,45.11,"29,690","38,260","53,690","74,630","93,840"
LA,10780,"Alexandria, LA",15-0000,Computer and Mathematical Occupations,major,350,11.9,5.756,0.19,29.76,61910,3.1,18.26,22.27,28.97,36.42,42.39,"37,980","46,330","60,260","75,740","88,180"
OR,24420,"Grants Pass, OR",15-0000,Computer and Mathematical Occupations,major,300,18,11.305,0.37,29.72,61820,4.6,14.67,19.99,27.36,37.34,46.42,"30,510","41,570","56,910","77,660","96,560"
FL,39460,"Punta Gorda, FL",15-0000,Computer and Mathematical Occupations,major,440,16.4,9.357,0.31,29.69,61760,4.8,14.62,19.12,28.51,36.92,49.11,"30,410","39,770","59,300","76,800","102,140"
TX,10180,"Abilene, TX",15-0000,Computer and Mathematical Occupations,major,540,6.7,8.467,0.28,29.58,61530,2.9,15.52,20.93,27.16,36.63,47.84,"32,270","43,540","56,480","76,200","99,500"
MO,44180,"Springfield, MO",15-0000,Computer and Mathematical Occupations,major,"4,760",7.2,23.09,0.76,29.55,61470,2.4,13.75,18.75,27.9,37.95,48.9,"28,600","38,990","58,030","78,940","101,710"
NM,22140,"Farmington, NM",15-0000,Computer and Mathematical Occupations,major,290,7.4,5.921,0.2,29.55,61470,5.9,12.45,19.21,28.07,36.5,45.88,"25,890","39,950","58,380","75,910","95,440"
WV,48260,"Weirton-Steubenville, WV-OH",15-0000,Computer and Mathematical Occupations,major,270,12.4,7.328,0.24,29.39,61130,3.7,16.47,21.06,28.31,37.46,45.46,"34,260","43,800","58,890","77,920","94,560"
AZ,29420,"Lake Havasu City-Kingman, AZ",15-0000,Computer and Mathematical Occupations,major,390,9.3,7.898,0.26,29.36,61060,5.3,13.84,17.83,24.37,38.03,49.83,"28,790","37,090","50,700","79,090","103,650"
LA,29180,"Lafayette, LA",15-0000,Computer and Mathematical Occupations,major,"1,730",6.5,8.835,0.29,29.11,60550,4,14.87,20.73,27.5,35.92,46.68,"30,940","43,110","57,210","74,700","97,100"
NC,24140,"Goldsboro, NC",15-0000,Computer and Mathematical Occupations,major,230,5.8,5.513,0.18,29.06,60450,2.8,16.59,20.52,27.96,36.45,44.28,"34,510","42,690","58,170","75,820","92,100"
IL,28100,"Kankakee, IL",15-0000,Computer and Mathematical Occupations,major,290,7.4,6.861,0.23,29.02,60360,3.9,15.21,19.48,27.8,36.23,46.13,"31,640","40,510","57,820","75,360","95,960"
FL,19660,"Deltona-Daytona Beach-Ormond Beach, FL",15-0000,Computer and Mathematical Occupations,major,"2,240",14.9,11.394,0.38,28.88,60060,2.7,15.5,20.32,26.9,35.63,46.31,"32,230","42,260","55,950","74,110","96,320"
AR,38220,"Pine Bluff, AR",15-0000,Computer and Mathematical Occupations,major,270,4.2,8.853,0.29,28.85,60010,6.9,15.67,18.35,26.17,37.62,46.49,"32,590","38,160","54,440","78,250","96,700"
KS,31740,"Manhattan, KS",15-0000,Computer and Mathematical Occupations,major,630,3.6,16.798,0.55,28.8,59910,2.7,14.73,20.96,27.68,35.7,45.38,"30,640","43,590","57,580","74,250","94,390"
TN,27180,"Jackson, TN",15-0000,Computer and Mathematical Occupations,major,360,9.2,5.508,0.18,28.79,59870,3.9,15.63,20.33,27.57,36.22,45.56,"32,510","42,280","57,340","75,340","94,770"
NE,24260,"Grand Island, NE",15-0000,Computer and Mathematical Occupations,major,340,10.3,8.065,0.27,28.54,59370,4.2,12.78,19.06,27.09,37.2,46.65,"26,590","39,650","56,340","77,380","97,020"
TN,17420,"Cleveland, TN",15-0000,Computer and Mathematical Occupations,major,310,17.9,6.729,0.22,28.52,59320,5.9,13.67,18.12,25.05,37.92,48.37,"28,420","37,700","52,110","78,870","100,610"
IL,16060,"Carbondale-Marion, IL",15-0000,Computer and Mathematical Occupations,major,720,10.3,13.712,0.45,28.18,58620,4.3,15.33,18.3,26.87,36.12,45.71,"31,880","38,060","55,890","75,140","95,080"
UT,41100,"St. George, UT",15-0000,Computer and Mathematical Occupations,major,840,8.3,12.887,0.43,28.07,58390,4.4,12.18,17.43,25.84,35.57,47.73,"25,340","36,260","53,740","73,980","99,280"
LA,26380,"Houma-Thibodaux, LA",15-0000,Computer and Mathematical Occupations,major,420,8.6,4.948,0.16,27.96,58150,2.9,14.93,20.66,26.95,33.42,43.21,"31,050","42,970","56,060","69,510","89,870"
MO,27620,"Jefferson City, MO",15-0000,Computer and Mathematical Occupations,major,"2,750",7.8,36.694,1.21,27.94,58120,4.5,17.04,20.67,25.51,32.52,43.37,"35,450","42,990","53,060","67,650","90,220"
AR,26300,"Hot Springs, AR",15-0000,Computer and Mathematical Occupations,major,220,5.7,6.263,0.21,27.88,57980,10.7,10.93,13.75,21.1,38.16,59.67,"22,740","28,600","43,900","79,370","124,110"
TX,32580,"McAllen-Edinburg-Mission, TX",15-0000,Computer and Mathematical Occupations,major,"1,500",5.6,5.763,0.19,27.86,57950,3.7,14.41,18.5,25.01,34.11,45.64,"29,970","38,470","52,030","70,960","94,930"
KY,14540,"Bowling Green, KY",15-0000,Computer and Mathematical Occupations,major,520,10.7,6.95,0.23,27.85,57920,3.9,14.39,19.49,25.72,34.65,43.53,"29,940","40,540","53,500","72,080","90,550"
MO,27900,"Joplin, MO",15-0000,Computer and Mathematical Occupations,major,730,8.1,9.178,0.3,27.79,57800,3.1,13.91,18.72,25.57,35.9,45.39,"28,930","38,930","53,170","74,670","94,420"
LA,29340,"Lake Charles, LA",15-0000,Computer and Mathematical Occupations,major,690,12.9,5.922,0.2,27.37,56940,4.2,15.49,19.55,24.7,31.34,41.92,"32,220","40,670","51,370","65,180","87,200"
AL,22520,"Florence-Muscle Shoals, AL",15-0000,Computer and Mathematical Occupations,major,210,8.4,3.918,0.13,27.36,56910,2.8,15.8,19.88,25.04,33.29,39.89,"32,870","41,340","52,090","69,240","82,960"
MO,16020,"Cape Girardeau, MO-IL",15-0000,Computer and Mathematical Occupations,major,470,19.6,10.998,0.36,27.07,56310,3.3,13.58,19.7,26.22,34.44,39.82,"28,250","40,980","54,550","71,640","82,820"
WV,13220,"Beckley, WV",15-0000,Computer and Mathematical Occupations,major,300,17.7,6.959,0.23,25.78,53630,7,12.09,16.53,25.48,30.61,42.34,"25,150","34,380","53,000","63,670","88,060"
FL,42700,"Sebring, FL",15-0000,Computer and Mathematical Occupations,major,180,7,6.909,0.23,25.64,53340,5.4,11.27,16.33,22.49,31.02,46.7,"23,440","33,970","46,780","64,520","97,140"
AR,27860,"Jonesboro, AR",15-0000,Computer and Mathematical Occupations,major,540,6.3,9.526,0.31,24.96,51920,2.6,15.37,17.94,23.28,29.52,38.13,"31,970","37,320","48,430","61,400","79,300"
PR,25020,"Guayama, PR",15-0000,Computer and Mathematical Occupations,major,50,5.2,4.664,0.15,23.53,48940,5.2,8.92,11.62,22.81,33.37,38.65,"18,550","24,180","47,450","69,410","80,380"
MT,24500,"Great Falls, MT",15-0000,Computer and Mathematical Occupations,major,710,35.7,20.226,0.67,21.37,44440,9.3,10.76,13.21,17.9,27.41,36.12,"22,390","27,480","37,220","57,020","75,140"
PR,41980,"San Juan-Carolina-Caguas, PR",15-0000,Computer and Mathematical Occupations,major,"8,860",2.7,13.775,0.45,21.26,44210,1.5,9.66,13.23,18.83,26.83,36.82,"20,090","27,510","39,170","55,810","76,580"
PR,10380,"Aguadilla-Isabela, PR",15-0000,Computer and Mathematical Occupations,major,850,1,19.588,0.65,18.72,38940,2.6,12.61,15.03,17.28,21.1,27.52,"26,220","31,260","35,950","43,880","57,250"
PR,32420,"Mayaguez, PR",15-0000,Computer and Mathematical Occupations,major,320,7,11.799,0.39,16.04,33370,3.5,9,11.81,14.15,18.34,24.11,"18,710","24,560","29,440","38,140","50,140"
PR,11640,"Arecibo, PR",15-0000,Computer and Mathematical Occupations,major,120,9.8,4.571,0.15,14.24,29620,6.4,7.97,8.81,12.83,17.5,23.47,"16,570","18,320","26,690","36,400","48,820"
PR,41900,"San German, PR",15-0000,Computer and Mathematical Occupations,major,80,2.2,4.428,0.15,13.36,27780,6.8,7.89,8.43,9.33,14.04,24.18,"16,420","17,540","19,400","29,200","50,290"